control_id,category,asvs_ref,asvs_level,control,applicability,profile_condition,test_method,expected_result,evidence_type,disposition
SG-01,1 access-control,V8.2.2,1,ไฟล์/รอบตรวจ/หลักฐานเข้าถึงได้เฉพาะผ่านรหัสที่ระบบสร้าง · รหัสปลอม/ไม่รู้จัก ⇒ 404/400 ไม่หลุดเนื้อหา,APPLICABLE,,T:tests/test_security_gate_web.py::test_unknown_object_ids_fail_closed; H:paths.traversal,ทุก URL ที่อ้างรหัสไม่รู้จัก ตอบ 404/400 ด้วยหน้าข้อผิดพลาดมาตรฐาน · ไม่มี 200 · ไม่มี 500,pytest junit + http probe json,auto: ทุก check PASS→PASS · มี FAIL→FAIL · มี INCOMPLETE/ไม่ได้รัน→REVIEW (ห้ามนับ PASS)
SG-02,1 access-control,V5.3.2,1,เส้นทางไฟล์สร้างจากชื่อภายในเท่านั้น · path traversal ในเส้นทางดาวน์โหลด/ไฟล์เก็บถูกปฏิเสธ,APPLICABLE,,T:tests/test_upload_security.py::test_path_for_blocks_traversal; T:tests/test_security_gate_web.py::test_export_download_rejects_traversal; H:paths.traversal,..%2f ..%5c %2e%2e และชื่อที่ไม่ขึ้นต้น exp_ ⇒ 400/404 · ไม่มี 200,pytest junit + http probe json,auto: ทุก check PASS→PASS · มี FAIL→FAIL · มี INCOMPLETE/ไม่ได้รัน→REVIEW (ห้ามนับ PASS)
SG-03,1 access-control,V13.4.1,1,ไม่เสิร์ฟ metadata ของ source control / ซอร์สโค้ด / ไฟล์ตั้งค่า,APPLICABLE,,H:paths.sourcecontrol,/.git/HEAD /.git/config /app.py /redbook/app.py /requirements.txt /.env ⇒ 404,http probe json,auto: ทุก check PASS→PASS · มี FAIL→FAIL · มี INCOMPLETE/ไม่ได้รัน→REVIEW (ห้ามนับ PASS)
SG-04,1 access-control,V13.4.3,2,ไม่มี directory listing,APPLICABLE,,H:paths.dirlisting,/static และ /static/ ⇒ ไม่ใช่ 200,http probe json,auto: ทุก check PASS→PASS · มี FAIL→FAIL · มี INCOMPLETE/ไม่ได้รัน→REVIEW (ห้ามนับ PASS)
SG-05,1 access-control,V13.4.5,2,ปิดเอกสาร API อัตโนมัติ (docs/redoc/openapi),APPLICABLE,,T:tests/test_web.py::test_api_docs_are_disabled; H:paths.docs,/docs /redoc /openapi.json ⇒ 404,pytest junit + http probe json,auto: ทุก check PASS→PASS · มี FAIL→FAIL · มี INCOMPLETE/ไม่ได้รัน→REVIEW (ห้ามนับ PASS)
SG-06,1 access-control,V8.2.2,1,ด่านชุดข้อมูลกันไว้ (P1 holdout · final holdout #21) ปฏิเสธการนำไฟล์ต้องห้ามเข้าระบบ แบบ fail-closed,APPLICABLE,,T:tests/test_p1_holdout.py; T:tests/test_final_holdout_guard.py,ชุดทดสอบ holdout ทั้งสองไฟล์ผ่านครบ (ไฟล์ของ #21 เป็นของเลนอื่น — อ้างอิงผล ไม่แก้),pytest junit,auto: ทุก check PASS→PASS · มี FAIL→FAIL · มี INCOMPLETE/ไม่ได้รัน→REVIEW (ห้ามนับ PASS)
SG-07,2 csrf,V3.5.1,1,คำขอเปลี่ยนสถานะที่ไม่มี/ผิด anti-forgery token ถูกปฏิเสธ,APPLICABLE,,T:tests/test_web.py::test_post_without_csrf_is_rejected; T:tests/test_web.py::test_post_with_wrong_csrf_is_rejected; H:csrf.no_token,HTTP 403 + หน้าข้อผิดพลาดมาตรฐาน + บันทึก security event,pytest junit + http probe json,auto: ทุก check PASS→PASS · มี FAIL→FAIL · มี INCOMPLETE/ไม่ได้รัน→REVIEW (ห้ามนับ PASS)
SG-08,2 csrf,V3.5.1,1,คำขอข้ามไซต์ (Origin/Referer ต่าง origin) ถูกปฏิเสธ แม้มี token,APPLICABLE,,T:tests/test_web.py::test_cross_origin_post_is_rejected; T:tests/test_security_gate_web.py::test_cross_site_referer_only_is_rejected; H:csrf.cross_origin; B:csrf.cross_site_form,HTTP 403 ทั้งกรณี Origin และ Referer · ฟอร์มจากหน้าโจมตีบน origin อื่น (เบราว์เซอร์จริง) ได้ 403,pytest junit + http probe json + browser json,auto: ทุก check PASS→PASS · มี FAIL→FAIL · มี INCOMPLETE/ไม่ได้รัน→REVIEW (ห้ามนับ PASS)
SG-09,2 csrf,V3.5.3,1,ทุกเส้นทางเปลี่ยนสถานะใช้ POST และเรียกด่าน CSRF · GET ไม่เปลี่ยนสถานะ,APPLICABLE,,T:tests/test_security_gate_static.py::test_every_post_handler_verifies_csrf; T:tests/test_security_gate_static.py::test_no_get_handler_mutates_state,ทุก handler ของ @app.post เรียก verify_csrf · ไม่มี GET handler เขียนฐานข้อมูล/ไฟล์ (ตรวจเชิงสถิตจากซอร์ส),pytest junit (static),auto: ทุก check PASS→PASS · มี FAIL→FAIL · มี INCOMPLETE/ไม่ได้รัน→REVIEW (ห้ามนับ PASS)
SG-10,2 csrf,V3.3.2; V3.3.4,2,คุกกี้ CSRF มี HttpOnly + SameSite=Strict + Path=/,APPLICABLE,,H:cookie.flags; B:cookie.flags,"Set-Cookie มี HttpOnly, SameSite=Strict, Path=/ · เบราว์เซอร์จริงเห็น httpOnly=true sameSite=Strict",http probe json + browser json,auto: ทุก check PASS→PASS · มี FAIL→FAIL · มี INCOMPLETE/ไม่ได้รัน→REVIEW (ห้ามนับ PASS)
SG-11,2 csrf,V3.3.1; V3.3.3,1,คุกกี้มี Secure และคำนำหน้า __Host-,CONDITIONAL,ใช้เมื่อเสิร์ฟผ่าน TLS · profile LOOPBACK_HTTP (127.0.0.1 ไม่มี TLS) ⇒ NOT_APPLICABLE · บันทึกค่าที่พบไว้เป็นข้อมูล,H:cookie.secure_recorded,บันทึกว่ามี/ไม่มี Secure และ __Host- (ไม่ตัดสิน),http probe json,NOT_APPLICABLE ภายใต้ profile ที่ประกาศ · เปิดใหม่ทันทีเมื่อเงื่อนไขเปลี่ยน
SG-12,3 injection,V1.2.1,1,output encoding ของ HTML เปิดอยู่ · ค่าที่ผู้ใช้ส่ง (ชื่อไฟล์ · พารามิเตอร์) แสดงผลแบบ escape,APPLICABLE,,T:tests/test_web.py::test_uploaded_filename_is_escaped_in_html; T:tests/test_security_gate_static.py::test_jinja_autoescape_is_enabled; T:tests/test_security_gate_web.py::test_scriptish_path_param_is_not_reflected_raw; T:tests/test_security_gate_xss.py; T:tests/test_security_gate_static.py::test_no_unquoted_attribute_interpolation_in_templates; T:tests/test_security_gate_static.py::test_no_event_handler_or_javascript_url_built_from_templates,ไม่มี <script> ดิบสะท้อนในหน้าใด · autoescape=True · (0.1.1) attribute context: payload quote-break/event-handler/unquoted/javascript:/double-encoding บนจุดสะท้อนที่ ZAP 10031 ชี้และตัวกรองคิว ⇒ ไม่เกิด attribute on* ไม่เกิด URL javascript: ไม่ 500 · ทุก {{ }} ใน attribute อยู่ในเครื่องหมายคำพูด · template ไม่มี on*=/javascript:,pytest junit,auto: ทุก check PASS→PASS · มี FAIL→FAIL · มี INCOMPLETE/ไม่ได้รัน→REVIEW (ห้ามนับ PASS)
SG-13,3 injection,V1.2.4,1,คำสั่ง SQL ใช้พารามิเตอร์ · SQL แบบประกอบสตริงมีได้เฉพาะชื่อตาราง/คอลัมน์คงที่ที่อยู่ในรายการอนุญาต,APPLICABLE,,T:tests/test_security_gate_static.py::test_dynamic_sql_only_in_allowlisted_schema_code,ทุก execute ที่ประกอบสตริงอยู่ในรายการอนุญาต (schema migration · ตัวระบุคงที่) · ไม่มีรายการใหม่,pytest junit (static),auto: ทุก check PASS→PASS · มี FAIL→FAIL · มี INCOMPLETE/ไม่ได้รัน→REVIEW (ห้ามนับ PASS)
SG-14,3 injection,V1.2.5; V1.3.2,1,ไม่มี eval/exec · ไม่มี OS command ที่ประกอบจากอินพุต · ไม่ใช้ pickle/yaml.load กับข้อมูลภายนอก,APPLICABLE,,T:tests/test_security_gate_static.py::test_no_dangerous_dynamic_execution,ไม่พบ eval( exec( os.system subprocess shell=True pickle yaml.load ใน redbook/,pytest junit (static),auto: ทุก check PASS→PASS · มี FAIL→FAIL · มี INCOMPLETE/ไม่ได้รัน→REVIEW (ห้ามนับ PASS)
SG-15,3 injection,V2.2.1; V2.2.2,1,ตรวจอินพุตฝั่งเซิร์ฟเวอร์: ฝั่งไฟล์ (A/B) · ปีงบประมาณตัวเลข · ความยาวฟิลด์ · ค่าผิด ⇒ 400 ไม่ใช่ 500,APPLICABLE,,T:tests/test_security_gate_web.py::test_form_inputs_are_validated_server_side,side นอก A/B ⇒ 400 · ปีไม่ใช่ตัวเลข ⇒ 400 · ฟิลด์ยาวถูกตัดตามขีดจำกัด · ไม่มี 500,pytest junit,auto: ทุก check PASS→PASS · มี FAIL→FAIL · มี INCOMPLETE/ไม่ได้รัน→REVIEW (ห้ามนับ PASS)
SG-16,3 injection,V1.5.1,1,ตัวอ่าน XML ของสมุดงาน (openpyxl) ปิด external entity · มี defusedxml ให้ openpyxl ใช้,APPLICABLE,,D:defusedxml_present; T:tests/test_security_gate_upload.py::test_xlsx_with_external_entity_does_not_fetch_or_crash,defusedxml ติดตั้งในสภาพแวดล้อม · ไฟล์ที่มี DOCTYPE/entity ภายนอก ไม่ทำให้ 500 และไม่มีการเรียกออกภายนอก,dependency inventory + pytest junit,auto: ทุก check PASS→PASS · มี FAIL→FAIL · มี INCOMPLETE/ไม่ได้รัน→REVIEW (ห้ามนับ PASS)
SG-17,3 injection,V1.2.10,3,กัน CSV/formula injection ในไฟล์ส่งออกทั้ง .csv และ .xlsx (= + - @ tab CR LF นำหน้า),APPLICABLE,,T:tests/test_export_csv_safe.py; T:tests/test_security_gate_export.py::test_xlsx_cells_are_text_typed_never_formula,เซลล์เสี่ยงถูก neutralize · XLSX เขียนด้วย data_type=s/number_format=@ · รายงานจำนวนเซลล์ที่แก้,pytest junit,auto: ทุก check PASS→PASS · มี FAIL→FAIL · มี INCOMPLETE/ไม่ได้รัน→REVIEW (ห้ามนับ PASS)
SG-18,4 file-upload,V5.2.1,1,จำกัดขนาดไฟล์แบบสตรีม · ไฟล์ว่างถูกปฏิเสธ,APPLICABLE,,T:tests/test_upload_security.py::test_enforces_size_limit; T:tests/test_upload_security.py::test_rejects_empty_file,เกินขีดจำกัด ⇒ ปฏิเสธก่อนเขียนครบ · ว่าง ⇒ ปฏิเสธ · มี security event,pytest junit,auto: ทุก check PASS→PASS · มี FAIL→FAIL · มี INCOMPLETE/ไม่ได้รัน→REVIEW (ห้ามนับ PASS)
SG-19,4 file-upload,V5.2.2,1,ตรวจชนิดไฟล์จากไบต์จริง ไม่ใช่นามสกุล/Content-Type · ไฟล์ปลอม/ไม่ตรงชนิดถูกปฏิเสธ,APPLICABLE,,T:tests/test_upload_security.py::test_detects_real_type_not_extension; T:tests/test_upload_security.py::test_rejects_disguised_executable; T:tests/test_upload_security.py::test_rejects_html_masquerading_as_pdf; T:tests/test_upload_security.py::test_rejects_zip_that_is_not_xlsx; T:tests/test_security_gate_upload.py::test_declared_content_type_is_ignored,exe/html/zip ปลอม ⇒ ปฏิเสธ · Content-Type ที่ประกาศไม่ถูกเชื่อ,pytest junit,auto: ทุก check PASS→PASS · มี FAIL→FAIL · มี INCOMPLETE/ไม่ได้รัน→REVIEW (ห้ามนับ PASS)
SG-20,4 file-upload,V5.2.3,2,ไฟล์บีบอัดถูกตรวจขนาดคลายอัด · อัตราขยาย · และจำนวนสมาชิกสูงสุด ก่อนคลาย,APPLICABLE,,T:tests/test_security_gate_upload.py::test_zip_bomb_ratio_is_rejected; T:tests/test_security_gate_upload.py::test_zip_with_too_many_members_is_rejected; T:tests/test_security_gate_upload.py::test_corrupt_zip_is_rejected_safely,ratio>250 หรือ uncompressed>ขีดจำกัด หรือสมาชิก>ขีดจำกัด ⇒ ปฏิเสธ · zip เสีย ⇒ 400 ไม่ใช่ 500,pytest junit,auto: ทุก check PASS→PASS · มี FAIL→FAIL · มี INCOMPLETE/ไม่ได้รัน→REVIEW (ห้ามนับ PASS)
SG-21,4 file-upload,V5.3.2,1,ชื่อไฟล์ที่เก็บเป็นชื่อภายในที่ระบบสร้าง · ชื่อแสดงผลถูกล้างอักขระควบคุม,APPLICABLE,,T:tests/test_upload_security.py::test_accepts_real_xlsx_and_renames_internally; T:tests/test_upload_security.py::test_sanitize_display_name_strips_control_chars,ไฟล์เก็บชื่อ <uuid>.<ext> · display name ไม่มีอักขระควบคุม/เส้นทาง,pytest junit,auto: ทุก check PASS→PASS · มี FAIL→FAIL · มี INCOMPLETE/ไม่ได้รัน→REVIEW (ห้ามนับ PASS)
SG-22,4 file-upload,V5.4.1; V5.4.2,2,ไฟล์ดาวน์โหลดใช้ชื่อที่ระบบสร้างและมี Content-Disposition,APPLICABLE,,T:tests/test_security_gate_export.py::test_export_download_has_attachment_disposition_with_system_name,Content-Disposition: attachment; filename=exp_… (ชื่อที่ผ่านด่าน) · ไม่รับชื่อจากผู้ใช้,pytest junit,auto: ทุก check PASS→PASS · มี FAIL→FAIL · มี INCOMPLETE/ไม่ได้รัน→REVIEW (ห้ามนับ PASS)
SG-23,4 file-upload,V5.3.1,1,ไฟล์อัปโหลดไม่ถูกเสิร์ฟจากโฟลเดอร์ static และไม่ถูกเรียกใช้เป็นโค้ด,APPLICABLE,,T:tests/test_security_gate_static.py::test_upload_dir_is_outside_static_and_not_mounted,UPLOAD_DIR ไม่อยู่ใต้ STATIC_DIR · ไม่มี mount ของ UPLOAD_DIR · ไฟล์เก็บ read-only,pytest junit (static),auto: ทุก check PASS→PASS · มี FAIL→FAIL · มี INCOMPLETE/ไม่ได้รัน→REVIEW (ห้ามนับ PASS)
SG-24,5 data-leakage,V13.4.2,2,โหมดดีบัก/รายละเอียดข้อผิดพลาดปิดเป็นค่าตั้งต้น,APPLICABLE,,T:tests/test_privacy_leakage.py::test_p32_debug_detail_is_off_by_default,DEBUG_DETAIL=False เมื่อไม่ตั้ง env,pytest junit,auto: ทุก check PASS→PASS · มี FAIL→FAIL · มี INCOMPLETE/ไม่ได้รัน→REVIEW (ห้ามนับ PASS)
SG-25,5 data-leakage,V14.3.2,2,Cache-Control: no-store ทุก response (เนื้อหาเอกสารงบประมาณไม่ค้างในเบราว์เซอร์),APPLICABLE,,H:headers.cache,ทุก response ที่ probe มี Cache-Control มี no-store,http probe json,auto: ทุก check PASS→PASS · มี FAIL→FAIL · มี INCOMPLETE/ไม่ได้รัน→REVIEW (ห้ามนับ PASS)
SG-26,5 data-leakage,V14.2.4 (project privacy policy t1b-privacy-0.2.0),2,เส้นทางสัมบูรณ์/โฮมผู้ใช้ถูกกลบในหน้าเว็บ · ล็อก · ไฟล์ส่งออก · แถวที่เก็บ,APPLICABLE,,T:tests/test_privacy_leakage.py; T:tests/test_privacy_path_boundary.py; T:tests/test_t1b_stored_row_leakage.py; H:leak.pages,ชุดทดสอบ privacy ผ่านครบ · หน้า HTML ที่ probe ไม่มีรูปแบบเส้นทางสัมบูรณ์,pytest junit + http probe json,auto: ทุก check PASS→PASS · มี FAIL→FAIL · มี INCOMPLETE/ไม่ได้รัน→REVIEW (ห้ามนับ PASS)
SG-27,5 data-leakage,project (leak-check-0.3.x fail-closed),-,ชุดหลักฐานที่จะเผยแพร่ผ่าน leak_check ครบ 8 หมวด A–H + Z1–Z3 · 0 hit,APPLICABLE,,L:evidence_leak_check,exit 0 (ตรวจครบ 0 hit) · exit 3 ⇒ INCOMPLETE · exit 1 ⇒ FAIL · 0 hit ≠ ปลอดการเปิดเผย (ข้อจำกัดเดิมของตัวตรวจ),leak_check stdout (ไม่มีค่า hit),auto: ทุก check PASS→PASS · มี FAIL→FAIL · มี INCOMPLETE/ไม่ได้รัน→REVIEW (ห้ามนับ PASS)
SG-28,5 data-leakage,V14.2.1,1,URL/query ไม่พาข้อมูลอ่อนไหว · พารามิเตอร์เส้นทางเป็นรหัสระบบเท่านั้น,APPLICABLE,,T:tests/test_security_gate_static.py::test_route_path_params_are_system_ids_only,พารามิเตอร์เส้นทางทั้งหมดอยู่ในรายการอนุญาต (pid rid fid document_id run_id mapping_id file_id page_no name ที่ผ่านด่าน),pytest junit (static),auto: ทุก check PASS→PASS · มี FAIL→FAIL · มี INCOMPLETE/ไม่ได้รัน→REVIEW (ห้ามนับ PASS)
SG-29,5 data-leakage,V3.4.5,2,Referrer-Policy จำกัดการรั่วของ URL และ meta referrer ในหน้า HTML สอดคล้องกับหัว HTTP,APPLICABLE,,H:headers.referrer,"หัว Referrer-Policy ∈ {same-origin, strict-origin, no-referrer, strict-origin-when-cross-origin} และถ้ามี <meta name=referrer> ค่าต้องเท่ากับหัว HTTP",http probe json,auto: ทุก check PASS→PASS · มี FAIL→FAIL · มี INCOMPLETE/ไม่ได้รัน→REVIEW (ห้ามนับ PASS)
SG-30,6 headers,V3.4.3,2,Content-Security-Policy ทุก response: default-src 'none' · object-src 'none' · base-uri 'none' · allowlist 'self',APPLICABLE,,H:headers.csp,ทุก response มี CSP ครบ directive ที่ประกาศ,http probe json,auto: ทุก check PASS→PASS · มี FAIL→FAIL · มี INCOMPLETE/ไม่ได้รัน→REVIEW (ห้ามนับ PASS)
SG-31,6 headers,V3.4.4,2,X-Content-Type-Options: nosniff ทุก response รวมหน้าข้อผิดพลาดและ static,APPLICABLE,,H:headers.nosniff,ทุก response (200/400/403/404/405/json/static) มี nosniff,http probe json,auto: ทุก check PASS→PASS · มี FAIL→FAIL · มี INCOMPLETE/ไม่ได้รัน→REVIEW (ห้ามนับ PASS)
SG-32,6 headers,V3.4.6,2,กันการฝังในเฟรม: CSP frame-ancestors 'none' (+ X-Frame-Options DENY เป็นชั้นเสริม),APPLICABLE,,H:headers.frame,HTML ทุกหน้ามี frame-ancestors 'none' และ X-Frame-Options: DENY,http probe json,auto: ทุก check PASS→PASS · มี FAIL→FAIL · มี INCOMPLETE/ไม่ได้รัน→REVIEW (ห้ามนับ PASS)
SG-33,6 headers,V3.4.8,3,Cross-Origin-Opener-Policy: same-origin บน response ที่เป็นเอกสาร,APPLICABLE,,H:headers.coop,HTML ทุกหน้ามี COOP same-origin,http probe json,auto: ทุก check PASS→PASS · มี FAIL→FAIL · มี INCOMPLETE/ไม่ได้รัน→REVIEW (ห้ามนับ PASS)
SG-34,6 headers,V3.4.1,1,Strict-Transport-Security,CONDITIONAL,ใช้เมื่อเสิร์ฟผ่าน TLS · profile LOOPBACK_HTTP ⇒ NOT_APPLICABLE · บันทึกค่าที่พบ,H:headers.hsts_recorded,บันทึกว่ามี/ไม่มี (ไม่ตัดสิน),http probe json,NOT_APPLICABLE ภายใต้ profile ที่ประกาศ · เปิดใหม่ทันทีเมื่อเงื่อนไขเปลี่ยน
SG-35,6 headers,V3.4.2,1,ไม่เปิด CORS: ไม่มี Access-Control-Allow-Origin แม้คำขอมี Origin ภายนอก,APPLICABLE,,H:headers.cors,ไม่มี ACAO ในทุก response · คำขอที่มี Origin: https://evil.example ก็ไม่มี,http probe json,auto: ทุก check PASS→PASS · มี FAIL→FAIL · มี INCOMPLETE/ไม่ได้รัน→REVIEW (ห้ามนับ PASS)
SG-36,6 headers,V3.6.1; V13.2.4,2,ไม่โหลดทรัพยากรจากภายนอกเลย (local-first) · เบราว์เซอร์จริงไม่มี CSP violation/console error,APPLICABLE,,T:tests/test_security_gate_static.py::test_templates_reference_no_external_resources; B:flow.console_clean,templates/static ไม่มี URL http(s) ภายนอกใน src/href · เดินครบ flow ใน Chromium headless ด้วย console error = 0 และ CSP violation = 0,pytest junit (static) + browser json,auto: ทุก check PASS→PASS · มี FAIL→FAIL · มี INCOMPLETE/ไม่ได้รัน→REVIEW (ห้ามนับ PASS)
SG-37,6 headers,V3.2.1,1,ไฟล์ส่งออกเสิร์ฟเป็น attachment · ไฟล์ที่ผู้ใช้อัปโหลดไม่ถูก render inline,APPLICABLE,,T:tests/test_security_gate_export.py::test_export_download_has_attachment_disposition_with_system_name; T:tests/test_security_gate_static.py::test_upload_dir_is_outside_static_and_not_mounted,Content-Disposition: attachment สำหรับ export · ไม่มีเส้นทางเสิร์ฟไฟล์อัปโหลดดิบ (หลักฐาน PDF ถูก render เป็น PNG ฝั่งเซิร์ฟเวอร์),pytest junit,auto: ทุก check PASS→PASS · มี FAIL→FAIL · มี INCOMPLETE/ไม่ได้รัน→REVIEW (ห้ามนับ PASS)
SG-38,6 headers,V4.1.1,1,ทุก response ที่มี body ระบุ Content-Type ตรงเนื้อหา · text/* มี charset,APPLICABLE,,H:headers.content_type,ทุก response ที่ probe มี Content-Type · HTML/JSON ตรงชนิด · text/* มี charset=utf-8,http probe json,auto: ทุก check PASS→PASS · มี FAIL→FAIL · มี INCOMPLETE/ไม่ได้รัน→REVIEW (ห้ามนับ PASS)
SG-39,7 error-handling,V16.3.3 (project: no internals on error page),2,หน้าข้อผิดพลาดทุกสถานะ (400/403/404/405/413/500) ไม่มี stack trace · เส้นทางภายใน · ชื่อ env/config · ข้อความ exception,APPLICABLE,,T:tests/test_privacy_leakage.py::test_p30_error_page_has_no_internal_exception_details; T:tests/test_web.py::test_not_found_page_has_no_internals; T:tests/test_security_gate_web.py::test_malformed_multipart_body_fails_safely; T:tests/test_security_gate_web.py::test_unhandled_exception_renders_generic_500_page; H:error.safe,"ไม่มีคำว่า Traceback / File "" / site-packages / sqlite3. / Exception / รูปแบบไดรฟ์ / โฮม ในทุก error body · มี error_id",pytest junit + http probe json,auto: ทุก check PASS→PASS · มี FAIL→FAIL · มี INCOMPLETE/ไม่ได้รัน→REVIEW (ห้ามนับ PASS)
SG-40,7 error-handling,V4.1.4,3,HTTP method ที่ไม่ใช้ (TRACE PUT PATCH DELETE OPTIONS) ถูกบล็อกและตอบอย่างปลอดภัย,APPLICABLE,,T:tests/test_security_gate_web.py::test_unexpected_methods_fail_safely; H:methods.blocked,405 (หรือ 404) พร้อมหน้าข้อผิดพลาดมาตรฐานและ security headers ครบ,pytest junit + http probe json,auto: ทุก check PASS→PASS · มี FAIL→FAIL · มี INCOMPLETE/ไม่ได้รัน→REVIEW (ห้ามนับ PASS)
SG-41,7 error-handling,V13.4.4,2,ไม่รองรับ TRACE,APPLICABLE,,H:methods.blocked,TRACE ⇒ 405 · ไม่สะท้อนคำขอกลับ,http probe json,auto: ทุก check PASS→PASS · มี FAIL→FAIL · มี INCOMPLETE/ไม่ได้รัน→REVIEW (ห้ามนับ PASS)
SG-42,7 error-handling,V13.4.6,3,ไม่เปิดเผยรุ่นของส่วนประกอบเบื้องหลัง (ไม่มี Server: <product/version> · /healthz ไม่บอกรุ่น framework),APPLICABLE,,H:headers.server; H:healthz.minimal,ไม่มีหัว Server หรือค่าไม่ระบุผลิตภัณฑ์/รุ่น · /healthz มีเฉพาะ status/app/version ของแอป,http probe json,auto: ทุก check PASS→PASS · มี FAIL→FAIL · มี INCOMPLETE/ไม่ได้รัน→REVIEW (ห้ามนับ PASS)
SG-43,7 error-handling,project (DNS rebinding) · ใกล้เคียง V4.1.3,-,ตรวจหัว Host กับรายการอนุญาต (127.0.0.1 localhost [::1] และโฮสต์ที่ตั้งค่า) — กัน DNS rebinding ของเว็บแอปบน loopback,APPLICABLE,,H:host.allowlist; T:tests/test_security_gate_web.py::test_unknown_host_header_is_rejected,Host: evil.example ⇒ 400/421 · Host ที่อนุญาต ⇒ ปกติ,http probe json + pytest junit,auto: ทุก check PASS→PASS · มี FAIL→FAIL · มี INCOMPLETE/ไม่ได้รัน→REVIEW (ห้ามนับ PASS)
SG-44,8 session-auth,V6; V7,-,การยืนยันตัวตนและเซสชัน,NOT_APPLICABLE,ระบบเป็นเครื่องมือผู้ปฏิบัติคนเดียวบน loopback ไม่มี authentication/session · ถ้าเพิ่ม auth หรือเปิดสู่เครือข่าย ⇒ ต้องประกาศ matrix รุ่นใหม่ก่อนประเมิน,T:tests/test_security_gate_static.py::test_no_authentication_or_session_mechanism_exists,ยืนยันเชิงสถิตว่าไม่มีกลไก login/session cookie นอกจากคุกกี้ CSRF (เงื่อนไข N/A ยังเป็นจริง),pytest junit (static),NOT_APPLICABLE ภายใต้ profile ที่ประกาศ · เปิดใหม่ทันทีเมื่อเงื่อนไขเปลี่ยน
SG-45,9 logging,V16.3.3,2,เหตุการณ์ด้านความปลอดภัยถูกบันทึก (csrf_rejected · upload_rejected_* · holdout) โดยไม่บันทึกค่าลับ,APPLICABLE,,T:tests/test_evidence_routes.py::test_decision_via_route_requires_csrf_and_records_audit; T:tests/test_security_gate_logging.py::test_csrf_rejection_is_logged_without_token_value; T:tests/test_security_gate_logging.py::test_upload_rejection_is_logged_with_sanitized_name,แถว security_events มี event/severity/ts/client · ไม่มีค่า token · ชื่อไฟล์ผ่าน sanitize,pytest junit,auto: ทุก check PASS→PASS · มี FAIL→FAIL · มี INCOMPLETE/ไม่ได้รัน→REVIEW (ห้ามนับ PASS)
SG-46,9 logging,V16.2.5,2,ล็อกแอปไม่มีเส้นทางสัมบูรณ์/ค่าลับ (formatter กลบ),APPLICABLE,,T:tests/test_privacy_leakage.py::test_p20_log_formatter_redacts_absolute_paths; T:tests/test_privacy_leakage.py::test_p21_log_formatter_redacts_traceback_frames; T:tests/test_privacy_leakage.py::test_p22_upload_flow_leaves_no_absolute_path_in_the_log,ล็อกหลัง flow อัปโหลดไม่มีเส้นทางสัมบูรณ์ · traceback frames ถูกกลบ,pytest junit,auto: ทุก check PASS→PASS · มี FAIL→FAIL · มี INCOMPLETE/ไม่ได้รัน→REVIEW (ห้ามนับ PASS)
SG-47,9 logging,V16.2.1; V16.2.2,2,รายการ audit/security มีเวลาแบบ ISO-8601 พร้อม offset เขตเวลา · ระบุ event และ client,APPLICABLE,,T:tests/test_security_gate_logging.py::test_security_event_timestamp_is_iso8601_with_offset,ts แปลงกลับเป็น datetime ที่มี tzinfo ได้ · ฟิลด์ event/severity/client มีค่า,pytest junit,auto: ทุก check PASS→PASS · มี FAIL→FAIL · มี INCOMPLETE/ไม่ได้รัน→REVIEW (ห้ามนับ PASS)
SG-48,10 dependencies,V15.2.1,1,ไม่พบช่องโหว่ที่ประกาศในฐานข้อมูล ณ วันที่รัน สำหรับแพ็กเกจที่ติดตั้งจริง (pip-audit),APPLICABLE,,D:pip_audit,vulnerabilities=0 ในรายการที่ตรวจได้ · บันทึกจำนวนที่เครื่องมือข้าม · เครื่องมือไม่พร้อม ⇒ INCOMPLETE · ถ้อยคำ: 'ไม่พบช่องโหว่ที่ประกาศไว้ ณ วันที่รัน' เท่านั้น,pip-audit json + frozen list + hashes,auto: ทุก check PASS→PASS · มี FAIL→FAIL · มี INCOMPLETE/ไม่ได้รัน→REVIEW (ห้ามนับ PASS)
SG-49,10 dependencies,V15.1.2,2,มีบัญชีรายการส่วนประกอบภายนอกที่ติดตั้งจริง (frozen) และไฟล์ตรึงรุ่นใน repo,APPLICABLE,,D:inventory,frozen.txt ถูกเก็บพร้อมแฮช · requirements.lock.txt มีอยู่ · ความต่างระหว่างสองรายการถูกบันทึก,frozen list + hashes,auto: ทุก check PASS→PASS · มี FAIL→FAIL · มี INCOMPLETE/ไม่ได้รัน→REVIEW (ห้ามนับ PASS)
SG-50,11 dast,ZAP Baseline (passive) · ไม่ใช่ข้อ ASVS,-,OWASP ZAP Baseline Scan ต่อ target สังเคราะห์บน loopback ที่ผู้พัฒนาควบคุม · นับ alert แยก High/Medium/Low/Informational · High/Medium ทุกตัวต้องมี disposition,APPLICABLE,target = synthetic/test environment เท่านั้น (ห้าม production/public) · การสแกนเชิงรุก (active) อยู่นอกขอบเขตรุ่นนี้,Z:zap_baseline,รายงาน ZAP (json/html) + นับตาม severity · High=0 หรือทุก High/Medium มี disposition พร้อมเหตุผล · ZAP ไม่พร้อม ⇒ INCOMPLETE,zap json/html + manifest (tool version · config · command),manual: REVIEW จนกว่าจะมี disposition ของคน (FIXED/ACCEPTED_RISK/FALSE_POSITIVE/REVIEW_REQUIRED) พร้อมเหตุผล
SG-51,12 browser-regression,project (browser-facing regression),-,เดินครบ flow (ตั้งงาน→อัปโหลด→วิเคราะห์) บนเบราว์เซอร์จริง: ฟอร์มส่งได้ภายใต้นโยบาย referrer/CSRF · console/page error = 0,APPLICABLE,,B:flow.forms_submit; B:flow.console_clean,ทุกขั้นสำเร็จ · error = 0 · (บทเรียน 23 ก.ย.: no-referrer ทำให้ฟอร์มส่งไม่ได้ — TestClient จับไม่ได้),browser json + screenshots (สังเคราะห์),auto: ทุก check PASS→PASS · มี FAIL→FAIL · มี INCOMPLETE/ไม่ได้รัน→REVIEW (ห้ามนับ PASS)
